{
    "providers": [
		{
			"comment": "แก้ไข",
			"type": "ttf",
			"file": "FC.ttf",
			"size": 10,
			"shift": [
                -0.3,
                 0.6
            ],
			"oversample": 30.0
		
		},
		{
			"comment": "ภาษาไทย ปรกติ",
            "type": "bitmap",
            "file": "minecraft:font/0e.png",
            "ascent": 7,
            "chars": [
                "\u0e00\u0e01\u0e02\u0e03\u0e04\u0e05\u0e06\u0e07\u0e08\u0e09\u0e0a\u0e0b\u0e0c\u0e0d\u0e0e\u0e0f",
                "\u0e10\u0e11\u0e12\u0e13\u0e14\u0e15\u0e16\u0e17\u0e18\u0e19\u0e1a\u0e1b\u0e1c\u0e1d\u0e1e\u0e1f",
                "\u0e20\u0e21\u0e22\u0e23\u0e24\u0e25\u0e26\u0e27\u0e28\u0e29\u0e2a\u0e2b\u0e2c\u0e2d\u0e2e\u0e2f",
                "\u0e30\u0e31\u0e32\u0e33\u0e34\u0e35\u0e36\u0e37\u0e38\u0e39\u0e3a\u0e3b\u0e3c\u0e3d\u0e3e\u0e3f",
                "\u0e40\u0e41\u0e42\u0e43\u0e44\u0e45\u0e46\u0e47\u0e48\u0e49\u0e4a\u0e4b\u0e4c\u0e4d\u0e4e\u0e4f",
                "\u0e50\u0e51\u0e52\u0e53\u0e54\u0e55\u0e56\u0e57\u0e58\u0e59\u0e5a\u0e5b\u0e5c\u0e5d\u0e5e\u0e5f",
                "\u0e60\u0e61\u0e62\u0e63\u0e64\u0e65\u0e66\u0e67\u0e68\u0e69\u0e6a\u0e6b\u0e6c\u0e6d\u0e6e\u0e6f",
                "\u0e70\u0e71\u0e72\u0e73\u0e74\u0e75\u0e76\u0e77\u0e78\u0e79\u0e7a\u0e7b\u0e7c\u0e7d\u0e7e\u0e7f",
                "\u0e80\u0e81\u0e82\u0e83\u0e84\u0e85\u0e86\u0e87\u0e88\u0e89\u0e8a\u0e8b\u0e8c\u0e8d\u0e8e\u0e8f",
                "\u0e90\u0e91\u0e92\u0e93\u0e94\u0e95\u0e96\u0e97\u0e98\u0e99\u0e9a\u0e9b\u0e9c\u0e9d\u0e9e\u919f",
                "\u0ea0\u0ea1\u0ea2\u0ea3\u0ea4\u0ea5\u0ea6\u0ea7\u0ea8\u0ea9\u0eaa\u0eab\u0eac\u0ead\u0eae\u0eaf",
                "\u0eb0\u0eb1\u0eb2\u0eb3\u0eb4\u0eb5\u0eb6\u0eb7\u0eb8\u0eb9\u0eba\u0ebb\u0ebc\u0ebd\u0ebe\u0ebf",
                "\u0ec0\u0ec1\u0ec2\u0ec3\u0ec4\u0ec5\u0ec6\u0ec7\u0ec8\u0ec9\u0eca\u0ecb\u0ecc\u0ecd\u0ece\u0ecf",
                "\u0ed0\u0ed1\u0ed2\u0ed3\u0ed4\u0ed5\u0ed6\u0ed7\u0ed8\u0ed9\u0eda\u0edb\u0edc\u0edd\u0ede\u0edf",
                "\u0ee0\u0ee1\u0ee2\u0ee3\u0ee4\u0ee5\u0ee6\u0ee7\u0ee8\u0ee9\u0eea\u0eeb\u0eec\u0eed\u0eee\u0eef",
                "\u0ef0\u0ef1\u0ef2\u0ef3\u0ef4\u0ef5\u0ef6\u0ef7\u0ef8\u0ef9\u0efa\u0efb\u0efc\u0efd\u0efe\u0eff"
            ]
        },
		        {
			"comment": "ภาษาอังกฤษ บิตแมพ",
            "type": "bitmap",
            "file": "minecraft:font/00.png",
            "ascent": 7,
            "chars": [
                "\u0000\u0001\u0002\u0003\u0004\u0005\u0006\u0007\u0008\u0009\u000a\u000b\u000c\u000d\u000e\u000f",
                "\u0010\u0011\u0012\u0013\u0014\u0015\u0016\u0017\u0018\u0019\u001a\u001b\u001c\u001d\u001e\u001f",
                "\u0020\u0021\u0022\u0023\u0024\u0025\u0026\u0027\u0028\u0029\u002a\u002b\u002c\u002d\u002e\u002f",
                "\u0030\u0031\u0032\u0033\u0034\u0035\u0036\u0037\u0038\u0039\u003a\u003b\u003c\u003d\u003e\u003f",
                "\u0040\u0041\u0042\u0043\u0044\u0045\u0046\u0047\u0048\u0049\u004a\u004b\u004c\u004d\u004e\u004f",
                "\u0050\u0051\u0052\u0053\u0054\u0055\u0056\u0057\u0058\u0059\u005a\u005b\u005c\u005d\u005e\u005f",
                "\u0060\u0061\u0062\u0063\u0064\u0065\u0066\u0067\u0068\u0069\u006a\u006b\u006c\u006d\u006e\u006f",
                "\u0070\u0071\u0072\u0073\u0074\u0075\u0076\u0077\u0078\u0079\u007a\u007b\u007c\u007d\u007e\u007f",
                "\u0080\u0081\u0082\u0083\u0084\u0085\u0086\u0087\u0088\u0089\u008a\u008b\u008c\u008d\u008e\u008f",
                "\u0090\u0091\u0092\u0093\u0094\u0095\u0096\u0097\u0098\u0099\u009a\u009b\u009c\u009d\u009e\u919f",
                "\u00a0\u00a1\u00a2\u00a3\u00a4\u00a5\u00a6\u00a7\u00a8\u00a9\u00aa\u00ab\u00ac\u00ad\u00ae\u00af",
                "\u00b0\u00b1\u00b2\u00b3\u00b4\u00b5\u00b6\u00b7\u00b8\u00b9\u00ba\u00bb\u00bc\u00bd\u00be\u00bf",
                "\u00c0\u00c1\u00c2\u00c3\u00c4\u00c5\u00c6\u00c7\u00c8\u00c9\u00ca\u00cb\u00cc\u00cd\u00ce\u00cf",
                "\u00d0\u00d1\u00d2\u00d3\u00d4\u00d5\u00d6\u00d7\u00d8\u00d9\u00da\u00db\u00dc\u00dd\u00de\u00df",
                "\u00e0\u00e1\u00e2\u00e3\u00e4\u00e5\u00e6\u00e7\u00e8\u00e9\u00ea\u00eb\u00ec\u00ed\u00ee\u00ef",
                "\u00f0\u00f1\u00f2\u00f3\u00f4\u00f5\u00f6\u00f7\u00f8\u00f9\u00fa\u00fb\u00fc\u00fd\u00fe\u00ff"
            ]
        }
    ]
}
